Order Year,Total Profit
2010,6629567.43
2011,2741008.23
2012,9213010.12
2013,6715420.039999999
2014,5879461.680000001
2015,3996539.44
2016,4903838.01
2017,4089353.4499999993
